{
  "layers": [
    {
      "layerType": "tilelayer",
      "name": "OpenStreetMap.Mapnik",
      "options": {
        "params": {
          "attribution": "&copy; <a href='http://www.openstreetmap.org/copyright'>OpenStreetMap</a> contributors"
        }
      },
      "url": "http://{s}.tile.openstreetmap.org/{z}/{x}/{y}.png"
    },
    {
      "layerType": "tilelayer",
      "name": "OpenStreetMap.BlackAndWhite",
      "options": {
        "params": {
          "attribution": "&copy; <a href='http://www.openstreetmap.org/copyright'>OpenStreetMap</a> contributors"
        }
      },
      "url": "http://{s}.tiles.wmflabs.org/bw-mapnik/{z}/{x}/{y}.png"
    },
    {
      "layerType": "tilelayer",
      "name": "Esri.WorldStreetMap",
      "options": {
        "params": {
          "attribution": "Tiles &copy; Esri &mdash; Source: Esri, DeLorme, NAVTEQ, USGS, Intermap, iPC, NRCAN, Esri Japan, METI, Esri China (Hong Kong), Esri (Thailand), TomTom, 2012"
        }
      },
      "url": "https://server.arcgisonline.com/ArcGIS/rest/services/World_Street_Map/MapServer/tile/{z}/{y}/{x}"
    },
    {
      "layerType": "tilelayer",
      "name": "Stamen.Terrain",
      "options": {
        "params": {
          "attribution": "Map tiles by <a href='http://stamen.com'>Stamen Design</a>, <a href='http://creativecommons.org/licenses/by/3.0'>CC BY 3.0</a> &mdash; Map data &copy; <a href='http://www.openstreetmap.org/copyright'>OpenStreetMap</a>"
        },
        "ext": "png",
        "maxZoom": 18,
        "minZoom": 0,
        "subdomains": "abcd"
      },
      "url": "https://stamen-tiles-{s}.a.ssl.fastly.net/terrain/{z}/{x}/{y}.{ext}"
    },
    {
      "layerType": "tilelayer",
      "name": "Stamen.TonerLite",
      "options": {
        "params": {
          "attribution": "Map tiles by <a href='http://stamen.com'>Stamen Design</a>, <a href='http://creativecommons.org/licenses/by/3.0'>CC BY 3.0</a> &mdash; Map data &copy; <a href='http://www.openstreetmap.org/copyright'>OpenStreetMap</a>"
        },
        "ext": "png",
        "maxZoom": 20,
        "minZoom": 0,
        "subdomains": "abcd"
      },
      "url": "https://stamen-tiles-{s}.a.ssl.fastly.net/toner-lite/{z}/{x}/{y}{r}.{ext}"
    }
        ,
        {
          "layerType": "geojson",
          "name": "user-location",
          "availableStyles": [],
          "url": "entities/users/geom/location"
        }
        ,
        {
          "layerType": "geojson",
          "name": "product-location",
          "availableStyles": [],
          "url": "entities/products/geom/location"
        }
  ]
}
