{
  "features": [
    "GEMA_SPL",
    "DataManagement",
    "GraphicalUserInterface",
    "MapViewer",
    "Tools",
    "DM_SpatialDatabase",
    "DM_GenerationType",
    "DM_DataServer",
    "MV_MapServer",
    "MV_Tools",
    "MV_MapManagement",
    "DM_SD_PostGIS",
    "MV_T_Pan",
    "MV_T_Zoom",
    "MV_MapCenter",
    "MV_MM_UniqueMapViewer",
    "DM_GT_Identity",
    "MV_GeoJSON",
    "MV_MC_BBox",
    "UM_Registration",
    "UserManagement",
    "UM_Authentication",
    "UM_UpdatePassword",
    "UM_SecurityType",
    "UM_UP_ByUser",
    "UM_R_Anonymous",
    "UM_A_RememberPass",
    "UM_A_RecoverPass",
    "UM_UpdateEmail",
    "UM_UserProfile",
    "UM_ST_JWT",
    "T_GIS",
    "T_MailSender"
  ],
  "data": {
    "basicData": {
      "index": {
        "component": "STATIC",
        "view": "welcome"
      },
      "languages": [
        "en",
        "es",
        "gl"
      ],
      "name": "monsteral-tech",
      "packageInfo": {
        "artifact": "monsteraltech",
        "group": "es.udc.lbd.gisspl"
      },
      "database": {},
      "extra": {},
      "SRID": "4326",
      "version": "0.1.0"
    },
    "dataModel": {
      "enums": [
        {
          "name": "TransactionActions",
          "values": [
            "BUY",
            "SALE"
          ]
        },
        {
          "name": "State",
          "values": [
            "SECOND_HAND",
            "NEW",
            "SEMI_NEW"
          ]
        }
      ],
      "entities": [
        {
          "name": "Favourites",
          "properties": [
            {
              "name": "id",
              "class": "Long (autoinc)",
              "pk": true,
              "required": true,
              "unique": true
            },
            {
              "name": "date",
              "class": "Date",
              "patternType": null,
              "pattern": null,
              "min": null,
              "max": null
            },
            {
              "name": "Product",
              "class": "Product",
              "owner": true,
              "bidirectional": "Favourites",
              "multiple": false,
              "required": false
            },
            {
              "name": "User",
              "class": "User",
              "owner": true,
              "bidirectional": "Favourites",
              "multiple": false,
              "required": false
            }
          ],
          "displayString": "$id"
        },
        {
          "name": "Transactions",
          "properties": [
            {
              "name": "id",
              "class": "Long (autoinc)",
              "pk": true,
              "required": true,
              "unique": true
            },
            {
              "name": "date",
              "class": "Date",
              "patternType": null,
              "pattern": null,
              "min": null,
              "max": null
            },
            {
              "name": "action",
              "class": "TransactionActions",
              "patternType": null,
              "pattern": null,
              "min": null,
              "max": null
            },
            {
              "name": "Product",
              "class": "Product",
              "owner": true,
              "bidirectional": "Transactions",
              "multiple": false,
              "required": false
            },
            {
              "name": "User",
              "class": "User",
              "owner": true,
              "bidirectional": "Transactions",
              "multiple": false,
              "required": false
            }
          ],
          "displayString": "$id"
        },
        {
          "name": "User",
          "properties": [
            {
              "name": "id",
              "class": "Long (autoinc)",
              "pk": true,
              "required": true,
              "unique": true
            },
            {
              "name": "name",
              "class": "String"
            },
            {
              "name": "surname",
              "class": "String"
            },
            {
              "name": "location",
              "class": "Point",
              "patternType": null,
              "pattern": null,
              "min": null,
              "max": null
            },
            {
              "name": "Products",
              "class": "Product",
              "owner": false,
              "bidirectional": "Owner",
              "multiple": true,
              "required": false
            },
            {
              "name": "Favourites",
              "class": "Favourites",
              "owner": false,
              "bidirectional": "User",
              "multiple": true,
              "required": false
            },
            {
              "name": "Transactions",
              "class": "Transactions",
              "owner": false,
              "bidirectional": "User",
              "multiple": true,
              "required": false
            }
          ],
          "displayString": "$id"
        },
        {
          "name": "Product",
          "properties": [
            {
              "name": "id",
              "class": "Long (autoinc)",
              "pk": true,
              "required": true,
              "unique": true
            },
            {
              "name": "name",
              "class": "String"
            },
            {
              "name": "location",
              "class": "Point",
              "patternType": null,
              "pattern": null,
              "min": null,
              "max": null
            },
            {
              "name": "description",
              "class": "String"
            },
            {
              "name": "state",
              "class": "State",
              "patternType": null,
              "pattern": null,
              "min": null,
              "max": null
            },
            {
              "name": "Transactions",
              "class": "Transactions",
              "owner": false,
              "bidirectional": "Product",
              "multiple": true,
              "required": false
            },
            {
              "name": "Owner",
              "class": "User",
              "owner": true,
              "bidirectional": "Products",
              "multiple": false,
              "required": false
            },
            {
              "name": "Favourites",
              "class": "Favourites",
              "owner": false,
              "bidirectional": "Product",
              "multiple": true,
              "required": false
            }
          ],
          "displayString": "$id"
        },
        {
          "name": "Car",
          "properties": [
            {
              "name": "id",
              "class": "Long (autoinc)",
              "pk": true,
              "required": true,
              "unique": true
            }
          ],
          "displayString": "$id",
          "superclass": "Product"
        },
        {
          "name": "House",
          "properties": [
            {
              "name": "id",
              "class": "Long (autoinc)",
              "pk": true,
              "required": true,
              "unique": true
            }
          ],
          "displayString": "$id",
          "superclass": "Product"
        },
        {
          "name": "Furniture",
          "properties": [
            {
              "name": "id",
              "class": "Long (autoinc)",
              "pk": true,
              "required": true,
              "unique": true
            }
          ],
          "displayString": "$id",
          "superclass": "Product"
        },
        {
          "name": "Appliances",
          "properties": [
            {
              "name": "id",
              "class": "Long (autoinc)",
              "pk": true,
              "required": true,
              "unique": true
            }
          ],
          "displayString": "$id",
          "superclass": "Product"
        }
      ]
    },
    "forms": [],
    "gui": {
      "settings": {
        "font": {
          "family": "Arial",
          "size": "14px"
        },
        "colorset": [
          "#fff",
          "#eee",
          "#777",
          "#555",
          "#577492",
          "#333",
          "#222"
        ],
        "header": {
          "type": "Text",
          "text": "monsteral-tech"
        }
      },
      "design": "4"
    },
    "lists": [],
    "menus": [],
    "mapViewer": {
      "maps": [],
      "layers": [],
      "styles": []
    },
    "statics": []
  }
}
